"18","2","/api/volume/thread/query","GET","?author=&end=2021-05-15&id=1&keyword=ht2050&page=1&start=2021-05-15&timezone_offset=-480&type=product","type:""product""
id:""1""
start:""2021-05-15""
end:""2021-05-15""
keyword:""ht2050""
author:null
timezone_offset:""-480""
page:""1""
","200","101.136.241.239","2021-06-09 12:47:30"
"23","2","/api/volume/thread/query","GET","?author=&end=2021-06-08&id=1&keyword=&page=1&start=2021-05-10&timezone_offset=-480&type=product","type:""product""
id:""1""
start:""2021-05-10""
end:""2021-06-08""
keyword:null
author:null
timezone_offset:""-480""
page:""1""
","200","101.136.241.239","2021-06-09 12:59:27"
"25","2","/api/volume/thread/query","GET","?end=2021-06-08&id=1&order=desc&page=1&sort=replies&start=2021-05-10&timezone_offset=-480","id:""1""
start:""2021-05-10""
end:""2021-06-08""
timezone_offset:""-480""
page:""1""
sort:""replies""
order:""desc""
","200","101.136.241.239","2021-06-09 13:02:23"
"26","2","/api/volume/thread/query","GET","?author=&end=2021-06-08&id=1&keyword=&order=asc&page=1&sort=replies&start=2021-05-10&timezone_offset=-480","id:""1""
start:""2021-05-10""
end:""2021-06-08""
keyword:null
author:null
timezone_offset:""-480""
page:""1""
sort:""replies""
order:""asc""
","200","101.136.241.239","2021-06-09 13:02:43"
"73","1","/api/volume/thread/query","GET","?author=&end=2021-06-19&id=71&include_model=1&keyword=&page=1&start=2021-06-19&timezone_offset=-480&type=product","type:""product""
id:""71""
start:""2021-06-19""
end:""2021-06-19""
include_model:""1""
keyword:null
author:null
timezone_offset:""-480""
page:""1""
","200","1.163.31.95","2021-06-28 15:31:30"
"84","1","/api/volume/thread/query","GET","?author=&end=2021-06-26&id=2&include_model=1&keyword=&page=1&start=2021-06-20&timezone_offset=-480&type=product","type:""product""
id:""2""
start:""2021-06-20""
end:""2021-06-26""
include_model:""1""
keyword:null
author:null
timezone_offset:""-480""
page:""1""
","200","1.163.31.95","2021-06-28 15:43:54"
"86","1","/api/volume/thread/query","GET","?author=&end=2021-06-26&id=2&include_model=0&keyword=&page=1&start=2021-06-20&timezone_offset=-480&type=product","type:""product""
id:""2""
start:""2021-06-20""
end:""2021-06-26""
include_model:""0""
keyword:null
author:null
timezone_offset:""-480""
page:""1""
","200","1.163.31.95","2021-06-28 15:44:02"
"113","24","/api/volume/thread/query","GET","?author=&end=2021-06-28&id=87&include_model=0&keyword=&page=1&start=2021-05-01&timezone_offset=420&type=product","type:""product""
id:""87""
start:""2021-05-01""
end:""2021-06-28""
include_model:""0""
keyword:null
author:null
timezone_offset:""420""
page:""1""
","200","172.124.1.2","2021-06-29 02:27:58"
"114","24","/api/volume/thread/query","GET","?author=&end=2021-06-28&id=87&keyword=&order=desc&page=2&sort=date&start=2021-05-01&timezone_offset=420","id:""87""
start:""2021-05-01""
end:""2021-06-28""
keyword:null
author:null
timezone_offset:""420""
page:""2""
sort:""date""
order:""desc""
","200","172.124.1.2","2021-06-29 02:28:59"
"115","24","/api/volume/thread/query","GET","?author=&end=2021-06-28&id=87&include_model=0&keyword=&page=1&start=2021-05-01&timezone_offset=420&type=product","type:""product""
id:""87""
start:""2021-05-01""
end:""2021-06-28""
include_model:""0""
keyword:null
author:null
timezone_offset:""420""
page:""1""
","200","172.124.1.2","2021-06-29 02:29:23"
"116","24","/api/volume/thread/query","GET","?author=&end=2021-06-28&id=87&keyword=&order=asc&page=1&sort=date&start=2021-05-01&timezone_offset=420","id:""87""
start:""2021-05-01""
end:""2021-06-28""
keyword:null
author:null
timezone_offset:""420""
page:""1""
sort:""date""
order:""asc""
","200","172.124.1.2","2021-06-29 02:30:21"
"117","24","/api/volume/thread/query","GET","?author=&end=2021-06-28&id=87&keyword=&order=desc&page=1&sort=date&start=2021-05-01&timezone_offset=420","id:""87""
start:""2021-05-01""
end:""2021-06-28""
keyword:null
author:null
timezone_offset:""420""
page:""1""
sort:""date""
order:""desc""
","200","172.124.1.2","2021-06-29 02:30:38"
"248","4","/api/volume/thread/query","GET","?author=&end=2021-06-29&id=23&include_model=0&keyword=&page=1&start=2021-06-01&timezone_offset=-480&type=product","type:""product""
id:""23""
start:""2021-06-01""
end:""2021-06-29""
include_model:""0""
keyword:null
author:null
timezone_offset:""-480""
page:""1""
","200","36.225.48.207","2021-06-29 16:18:25"
