"1711","4","/api/volume/stat","GET","?author=&end=2021-09-30&id%5B0%5D=9&id%5B1%5D=10&id%5B2%5D=12&id%5B3%5D=13&include_model=0&keyword=&page=1&start=2021-09-01&timezone_offset=-480&type=segment","type:""segment""
id:[""9"",""10"",""12"",""13""]
start:""2021-09-01""
end:""2021-09-30""
include_model:""0""
keyword:null
author:null
timezone_offset:""-480""
page:""1""
","200","61.216.6.167","2021-10-04 14:26:12"
"1717","4","/api/volume/stat","GET","?author=&end=2021-09-30&id%5B0%5D=9&id%5B1%5D=10&id%5B2%5D=12&id%5B3%5D=13&include_model=0&keyword=&page=1&start=2021-07-01&timezone_offset=-480&type=segment","type:""segment""
id:[""9"",""10"",""12"",""13""]
start:""2021-07-01""
end:""2021-09-30""
include_model:""0""
keyword:null
author:null
timezone_offset:""-480""
page:""1""
","200","61.216.6.167","2021-10-04 14:27:24"
"1718","26","/api/volume/stat","GET","?author=&end=2021-09-30&id%5B0%5D=9&id%5B1%5D=10&id%5B2%5D=12&include_model=0&keyword=&page=1&start=2021-09-01&timezone_offset=-480&type=segment","type:""segment""
id:[""9"",""10"",""12""]
start:""2021-09-01""
end:""2021-09-30""
include_model:""0""
keyword:null
author:null
timezone_offset:""-480""
page:""1""
","200","101.12.58.136","2021-10-04 14:28:54"
"1719","26","/api/volume/stat","GET","?author=&end=2021-09-30&id%5B0%5D=9&id%5B1%5D=10&id%5B2%5D=12&include_model=0&keyword=&page=1&start=2021-07-01&timezone_offset=-480&type=segment","type:""segment""
id:[""9"",""10"",""12""]
start:""2021-07-01""
end:""2021-09-30""
include_model:""0""
keyword:null
author:null
timezone_offset:""-480""
page:""1""
","200","101.12.58.136","2021-10-04 14:29:24"
"1720","4","/api/volume/stat","GET","?author=&end=2021-09-30&id%5B0%5D=9&id%5B1%5D=10&id%5B2%5D=12&include_model=0&keyword=&page=1&start=2021-07-01&timezone_offset=-480&type=segment","type:""segment""
id:[""9"",""10"",""12""]
start:""2021-07-01""
end:""2021-09-30""
include_model:""0""
keyword:null
author:null
timezone_offset:""-480""
page:""1""
","200","61.216.6.167","2021-10-04 14:29:38"
"1730","4","/api/volume/stat","GET","?author=&end=2021-09-30&id%5B0%5D=9&include_model=0&keyword=&page=1&start=2021-09-01&timezone_offset=-480&type=segment","type:""segment""
id:[""9""]
start:""2021-09-01""
end:""2021-09-30""
include_model:""0""
keyword:null
author:null
timezone_offset:""-480""
page:""1""
","200","61.216.6.167","2021-10-04 14:43:41"
"1736","4","/api/volume/stat","GET","?author=&end=2021-09-30&id%5B0%5D=9&include_model=0&keyword=&page=1&start=2021-09-01&timezone_offset=-480&type=segment","type:""segment""
id:[""9""]
start:""2021-09-01""
end:""2021-09-30""
include_model:""0""
keyword:null
author:null
timezone_offset:""-480""
page:""1""
","200","61.216.6.167","2021-10-04 14:49:49"
"1747","25","/api/volume/stat","GET","?author=&end=2021-09-30&id%5B0%5D=9&id%5B1%5D=14&id%5B2%5D=15&id%5B3%5D=18&id%5B4%5D=28&include_model=0&keyword=&page=1&start=2021-09-01&timezone_offset=-480&type=segment","type:""segment""
id:[""9"",""14"",""15"",""18"",""28""]
start:""2021-09-01""
end:""2021-09-30""
include_model:""0""
keyword:null
author:null
timezone_offset:""-480""
page:""1""
","200","61.216.6.167","2021-10-05 13:21:26"
"1753","25","/api/volume/stat","GET","?author=&end=2021-09-30&id%5B0%5D=10&id%5B1%5D=16&id%5B2%5D=19&include_model=0&keyword=&page=1&start=2021-09-01&timezone_offset=-480&type=segment","type:""segment""
id:[""10"",""16"",""19""]
start:""2021-09-01""
end:""2021-09-30""
include_model:""0""
keyword:null
author:null
timezone_offset:""-480""
page:""1""
","200","61.216.6.167","2021-10-05 13:48:32"
"1754","25","/api/volume/stat","GET","?author=&end=2021-09-30&id%5B0%5D=9&id%5B1%5D=14&id%5B2%5D=15&id%5B3%5D=18&id%5B4%5D=28&include_model=0&keyword=&page=1&start=2021-09-01&timezone_offset=-480&type=segment","type:""segment""
id:[""9"",""14"",""15"",""18"",""28""]
start:""2021-09-01""
end:""2021-09-30""
include_model:""0""
keyword:null
author:null
timezone_offset:""-480""
page:""1""
","200","61.216.6.167","2021-10-05 13:50:07"
"1758","25","/api/volume/stat","GET","?author=&end=2021-09-30&id%5B0%5D=81&include_model=0&keyword=&page=1&start=2021-09-01&timezone_offset=-480&type=product","type:""product""
id:[""81""]
start:""2021-09-01""
end:""2021-09-30""
include_model:""0""
keyword:null
author:null
timezone_offset:""-480""
page:""1""
","200","61.216.6.167","2021-10-05 13:53:28"
"1759","25","/api/volume/stat","GET","?author=&end=2021-09-30&id%5B0%5D=81&include_model=0&keyword=&page=1&start=2021-08-01&timezone_offset=-480&type=product","type:""product""
id:[""81""]
start:""2021-08-01""
end:""2021-09-30""
include_model:""0""
keyword:null
author:null
timezone_offset:""-480""
page:""1""
","200","61.216.6.167","2021-10-05 13:53:51"
"1765","25","/api/volume/stat","GET","?author=&end=2021-09-30&id%5B0%5D=9&id%5B1%5D=14&id%5B2%5D=15&id%5B3%5D=27&id%5B4%5D=18&include_model=0&keyword=&page=1&start=2021-09-01&timezone_offset=-480&type=segment","type:""segment""
id:[""9"",""14"",""15"",""27"",""18""]
start:""2021-09-01""
end:""2021-09-30""
include_model:""0""
keyword:null
author:null
timezone_offset:""-480""
page:""1""
","200","61.216.6.167","2021-10-05 13:55:45"
"1775","25","/api/volume/stat","GET","?author=&end=2021-09-30&id%5B0%5D=81&include_model=1&keyword=&page=1&start=2021-09-01&timezone_offset=-480&type=product","type:""product""
id:[""81""]
start:""2021-09-01""
end:""2021-09-30""
include_model:""1""
keyword:null
author:null
timezone_offset:""-480""
page:""1""
","200","61.216.6.167","2021-10-05 16:54:48"
"1791","25","/api/volume/stat","GET","?author=&end=2021-09-30&id%5B0%5D=12&include_model=0&keyword=&page=1&start=2021-09-01&timezone_offset=-480&type=segment","type:""segment""
id:[""12""]
start:""2021-09-01""
end:""2021-09-30""
include_model:""0""
keyword:null
author:null
timezone_offset:""-480""
page:""1""
","200","61.216.6.168","2021-10-07 14:40:22"
"1792","25","/api/volume/stat","GET","?author=&end=2021-09-30&id%5B0%5D=78&include_model=0&keyword=&page=1&start=2021-09-01&timezone_offset=-480&type=product","type:""product""
id:[""78""]
start:""2021-09-01""
end:""2021-09-30""
include_model:""0""
keyword:null
author:null
timezone_offset:""-480""
page:""1""
","200","61.216.6.168","2021-10-07 14:40:54"
